onset	duration	trial_type	value	sample
25.565	1.0	NonTarget	1	5113
26.6	1.0	Target	2	5320
28.45	1.0	NonTarget	1	5690
31.105	1.0	NonTarget	1	6221
32.14	1.0	NonTarget	1	6428
36.64	1.0	NonTarget	1	7328
39.525	1.0	NonTarget	1	7905
44.025	1.0	NonTarget	1	8805
45.065	1.0	NonTarget	1	9013
49.565	1.0	NonTarget	1	9913
56.14	1.0	NonTarget	1	11228
56.95	1.0	NonTarget	1	11390
76.055	1.0	NonTarget	1	15211
83.44	1.0	NonTarget	1	16688
88.17	1.0	Target	2	17634
88.98	1.0	NonTarget	1	17796
94.52	1.0	NonTarget	1	18904
97.4	1.0	Target	2	19480
101.9	1.0	NonTarget	1	20380
102.94	1.0	Target	2	20588
109.285	1.0	NonTarget	1	21857
127.655	1.0	Target	2	25531
130.31	1.0	NonTarget	1	26062
133.19	1.0	Target	2	26638
135.035	1.0	Target	2	27007
137.69	1.0	NonTarget	1	27538
140.58	1.0	Target	2	28116
143.235	1.0	NonTarget	1	28647
144.275	1.0	Target	2	28855
148.775	1.0	NonTarget	1	29755
151.66	1.0	Target	2	30332
157.19	1.0	Target	2	31438
159.845	1.0	NonTarget	1	31969
178.87	1.0	NonTarget	1	35774
181.525	1.0	Target	2	36305
186.255	1.0	NonTarget	1	37251
187.06	1.0	Target	2	37412
191.795	1.0	NonTarget	1	38359
192.6	1.0	Target	2	38520
199.985	1.0	Target	2	39997
201.025	1.0	NonTarget	1	40205
205.525	1.0	Target	2	41105
206.56	1.0	NonTarget	1	41312
211.06	1.0	Target	2	42212
232.955	1.0	NonTarget	1	46591
233.76	1.0	Target	2	46752
238.495	1.0	NonTarget	1	47699
239.3	1.0	Target	2	47860
245.875	1.0	NonTarget	1	49175
250.375	1.0	Target	2	50075
251.415	1.0	NonTarget	1	50283
258.8	1.0	NonTarget	1	51760
264.34	1.0	NonTarget	1	52868
265.14	1.0	Target	2	53028
282.295	1.0	Target	2	56459
286.795	1.0	NonTarget	1	57359
289.675	1.0	NonTarget	1	57935
294.175	1.0	NonTarget	1	58835
295.215	1.0	Target	2	59043
297.06	1.0	NonTarget	1	59412
299.715	1.0	NonTarget	1	59943
304.445	1.0	Target	2	60889
305.255	1.0	NonTarget	1	61051
309.985	1.0	Target	2	61997
312.64	1.0	NonTarget	1	62528
333.545	1.0	Target	2	66709
334.35	1.0	NonTarget	1	66870
341.735	1.0	NonTarget	1	68347
342.775	1.0	Target	2	68555
348.31	1.0	Target	2	69662
350.965	1.0	NonTarget	1	70193
355.695	1.0	Target	2	71139
363.08	1.0	Target	2	72616
365.735	1.0	NonTarget	1	73147
384.29	1.0	Target	2	76858
388.795	1.0	NonTarget	1	77759
393.525	1.0	NonTarget	1	78705
396.175	1.0	NonTarget	1	79235
402.755	1.0	NonTarget	1	80551
403.56	1.0	NonTarget	1	80712
410.945	1.0	NonTarget	1	82189
411.985	1.0	NonTarget	1	82397
416.485	1.0	NonTarget	1	83297
417.525	1.0	NonTarget	1	83505
436.08	1.0	Target	2	87216
437.115	1.0	NonTarget	1	87423
438.96	1.0	NonTarget	1	87792
446.345	1.0	NonTarget	1	89269
447.155	1.0	Target	2	89431
451.885	1.0	NonTarget	1	90377
452.695	1.0	Target	2	90539
460.08	1.0	Target	2	92016
461.115	1.0	NonTarget	1	92223
466.655	1.0	NonTarget	1	93331
486.72	1.0	NonTarget	1	97344
487.53	1.0	Target	2	97506
492.26	1.0	NonTarget	1	98452
493.07	1.0	Target	2	98614
497.8	1.0	NonTarget	1	99560
500.455	1.0	Target	2	100091
505.185	1.0	NonTarget	1	101037
507.84	1.0	Target	2	101568
512.57	1.0	NonTarget	1	102514
515.22	1.0	Target	2	103044
519.955	1.0	NonTarget	1	103991
537.74	1.0	NonTarget	1	107548
540.62	1.0	Target	2	108124
543.275	1.0	NonTarget	1	108655
544.315	1.0	Target	2	108863
548.815	1.0	NonTarget	1	109763
551.7	1.0	Target	2	110340
556.2	1.0	NonTarget	1	111240
557.24	1.0	Target	2	111448
561.74	1.0	NonTarget	1	112348
568.315	1.0	Target	2	113663
569.125	1.0	NonTarget	1	113825
588.875	1.0	Target	2	117775
596.26	1.0	Target	2	119252
600.99	1.0	NonTarget	1	120198
601.79	1.0	Target	2	120358
607.335	1.0	Target	2	121467
610.22	1.0	NonTarget	1	122044
614.72	1.0	Target	2	122944
615.76	1.0	NonTarget	1	123152
622.105	1.0	Target	2	124421
638.65	1.0	NonTarget	1	127730
641.3	1.0	NonTarget	1	128260
644.19	1.0	NonTarget	1	128838
646.035	1.0	NonTarget	1	129207
648.69	1.0	NonTarget	1	129738
651.575	1.0	NonTarget	1	130315
654.225	1.0	NonTarget	1	130845
655.265	1.0	NonTarget	1	131053
659.765	1.0	NonTarget	1	131953
662.65	1.0	NonTarget	1	132530
666.34	1.0	Target	2	133268
668.19	1.0	NonTarget	1	133638
670.84	1.0	NonTarget	1	134168
689.855	1.0	NonTarget	1	137971
692.51	1.0	NonTarget	1	138502
697.24	1.0	NonTarget	1	139448
698.05	1.0	NonTarget	1	139610
702.78	1.0	NonTarget	1	140556
703.585	1.0	NonTarget	1	140717
710.97	1.0	NonTarget	1	142194
712.01	1.0	NonTarget	1	142402
716.51	1.0	NonTarget	1	143302
717.55	1.0	NonTarget	1	143510
722.05	1.0	NonTarget	1	144410
742.44	1.0	Target	2	148488
743.245	1.0	NonTarget	1	148649
747.975	1.0	Target	2	149595
748.785	1.0	NonTarget	1	149757
755.36	1.0	Target	2	151072
757.205	1.0	NonTarget	1	151441
759.86	1.0	NonTarget	1	151972
760.9	1.0	Target	2	152180
768.285	1.0	Target	2	153657
773.825	1.0	Target	2	154765
774.63	1.0	NonTarget	1	154926
791.505	1.0	NonTarget	1	158301
796.005	1.0	NonTarget	1	159201
803.39	1.0	NonTarget	1	160678
804.43	1.0	NonTarget	1	160886
808.93	1.0	NonTarget	1	161786
809.965	1.0	Target	2	161993
813.66	1.0	NonTarget	1	162732
814.47	1.0	NonTarget	1	162894
817.35	1.0	Target	2	163470
819.2	1.0	NonTarget	1	163840
821.85	1.0	NonTarget	1	164370
842.275	1.0	NonTarget	1	168455
843.085	1.0	Target	2	168617
850.47	1.0	Target	2	170094
851.505	1.0	NonTarget	1	170301
857.045	1.0	NonTarget	1	171409
859.7	1.0	Target	2	171940
860.735	1.0	NonTarget	1	172147
864.43	1.0	NonTarget	1	172886
868.12	1.0	NonTarget	1	173624
871.815	1.0	NonTarget	1	174363
874.47	1.0	Target	2	174894
898.305	1.0	NonTarget	1	179661
903.035	1.0	NonTarget	1	180607
905.685	1.0	NonTarget	1	181137
912.265	1.0	NonTarget	1	182453
913.07	1.0	NonTarget	1	182614
920.455	1.0	NonTarget	1	184091
921.495	1.0	NonTarget	1	184299
925.995	1.0	NonTarget	1	185199
927.035	1.0	NonTarget	1	185407
947.05	1.0	Target	2	189410
948.09	1.0	NonTarget	1	189618
957.32	1.0	NonTarget	1	191464
958.13	1.0	Target	2	191626
962.86	1.0	NonTarget	1	192572
963.67	1.0	Target	2	192734
971.055	1.0	Target	2	194211
972.09	1.0	NonTarget	1	194418
977.63	1.0	NonTarget	1	195526
1004.46	1.0	Target	2	200892
1005.265	1.0	NonTarget	1	201053
1009.995	1.0	Target	2	201999
1010.805	1.0	NonTarget	1	202161
1015.535	1.0	Target	2	203107
1018.19	1.0	NonTarget	1	203638
1022.92	1.0	Target	2	204584
1025.575	1.0	NonTarget	1	205115
1030.305	1.0	Target	2	206061
1032.955	1.0	NonTarget	1	206591
1037.69	1.0	Target	2	207538
1055.94	1.0	NonTarget	1	211188
1058.825	1.0	NonTarget	1	211765
1061.475	1.0	NonTarget	1	212295
1062.515	1.0	NonTarget	1	212503
1067.015	1.0	NonTarget	1	213403
1069.9	1.0	NonTarget	1	213980
1074.4	1.0	NonTarget	1	214880
1075.44	1.0	NonTarget	1	215088
1079.94	1.0	NonTarget	1	215988
1086.515	1.0	NonTarget	1	217303
1087.325	1.0	NonTarget	1	217465
1117.31	1.0	NonTarget	1	223462
1118.58	1.0	NonTarget	1	223716
1122.33	1.0	NonTarget	1	224466
1124.555	1.0	Target	2	224911
1128.58	1.0	NonTarget	1	225716
1131.555	1.0	Target	2	226311
1133.58	1.0	NonTarget	1	226716
1140.555	1.0	Target	2	228111
1147.31	1.0	NonTarget	1	229462
1148.58	1.0	NonTarget	1	229716
1150.555	1.0	Target	2	230111
1175.01	1.0	Target	2	235002
1176.255	1.0	NonTarget	1	235251
1178.78	1.0	NonTarget	1	235756
1181.255	1.0	NonTarget	1	236251
1187.01	1.0	Target	2	237402
1188.255	1.0	NonTarget	1	237651
1190.03	1.0	NonTarget	1	238006
1193.255	1.0	NonTarget	1	238651
1199.255	1.0	NonTarget	1	239851
1208.255	1.0	NonTarget	1	241651
1225.765	1.0	Target	2	245153
1228.525	1.0	NonTarget	1	245705
1230.54	1.0	NonTarget	1	246108
1233.765	1.0	Target	2	246753
1240.54	1.0	NonTarget	1	248108
1241.765	1.0	Target	2	248353
1250.765	1.0	Target	2	250153
1252.77	1.0	Target	2	250554
1273.89	1.0	Target	2	254778
1276.125	1.0	NonTarget	1	255225
1279.125	1.0	NonTarget	1	255825
1282.64	1.0	Target	2	256528
1284.11	1.0	NonTarget	1	256822
1286.39	1.0	Target	2	257278
1288.125	1.0	NonTarget	1	257625
1290.14	1.0	Target	2	258028
1292.11	1.0	NonTarget	1	258422
1294.875	1.0	NonTarget	1	258975
1296.39	1.0	Target	2	259278
1299.11	1.0	NonTarget	1	259822
1303.125	1.0	NonTarget	1	260625
1305.14	1.0	Target	2	261028
1307.11	1.0	NonTarget	1	261422
1324.01	1.0	NonTarget	1	264802
1326.52	1.0	Target	2	265304
1331.02	1.0	Target	2	266204
1336.27	1.0	Target	2	267254
1339.035	1.0	NonTarget	1	267807
1341.01	1.0	NonTarget	1	268202
1346.77	1.0	Target	2	269354
1349.01	1.0	NonTarget	1	269802
1350.52	1.0	Target	2	270104
1352.77	1.0	Target	2	270554
1355.01	1.0	NonTarget	1	271002
1356.535	1.0	NonTarget	1	271307
1372.72	1.0	Target	2	274544
1376.245	1.0	NonTarget	1	275249
1381.475	1.0	NonTarget	1	276295
1383.72	1.0	Target	2	276744
1384.995	1.0	NonTarget	1	276999
1386.72	1.0	Target	2	277344
1391.245	1.0	NonTarget	1	278249
1393.475	1.0	NonTarget	1	278695
1395.72	1.0	Target	2	279144
1397.975	1.0	NonTarget	1	279595
1406.72	1.0	Target	2	281344
1421.89	1.0	Target	2	284378
1424.645	1.0	NonTarget	1	284929
1425.415	1.0	NonTarget	1	285083
1426.89	1.0	Target	2	285378
1429.9	1.0	NonTarget	1	285980
1431.89	1.0	Target	2	286378
1434.165	1.0	NonTarget	1	286833
1436.89	1.0	Target	2	287378
1438.15	1.0	NonTarget	1	287630
1441.15	1.0	NonTarget	1	288230
1442.89	1.0	Target	2	288578
1444.89	1.0	Target	2	288978
1449.4	1.0	NonTarget	1	289880
1451.89	1.0	Target	2	290378
1456.15	1.0	NonTarget	1	291230
1471.38	1.0	Target	2	294276
1476.38	1.0	Target	2	295276
1477.655	1.0	NonTarget	1	295531
1482.135	1.0	NonTarget	1	296427
1483.38	1.0	Target	2	296676
1485.155	1.0	NonTarget	1	297031
1488.38	1.0	Target	2	297676
1489.635	1.0	NonTarget	1	297927
1490.155	1.0	NonTarget	1	298031
1496.405	1.0	NonTarget	1	299281
1500.38	1.0	Target	2	300076
1520.345	1.0	NonTarget	1	304069
1523.085	1.0	Target	2	304617
1527.095	1.0	NonTarget	1	305419
1530.845	1.0	NonTarget	1	306169
1534.085	1.0	Target	2	306817
1537.61	1.0	NonTarget	1	307522
1539.845	1.0	NonTarget	1	307969
1545.095	1.0	NonTarget	1	309019
1547.085	1.0	Target	2	309417
1548.86	1.0	NonTarget	1	309772
1551.095	1.0	NonTarget	1	310219
1566.95	1.0	NonTarget	1	313390
1569.175	1.0	NonTarget	1	313835
1572.175	1.0	NonTarget	1	314435
1578.175	1.0	NonTarget	1	315635
1579.45	1.0	NonTarget	1	315890
1580.43	1.0	Target	2	316086
1585.7	1.0	NonTarget	1	317140
1588.175	1.0	NonTarget	1	317635
1589.43	1.0	Target	2	317886
1590.7	1.0	NonTarget	1	318140
1597.175	1.0	NonTarget	1	319435
1622.17	1.0	Target	2	324434
1623.435	1.0	NonTarget	1	324687
1627.185	1.0	NonTarget	1	325437
1629.41	1.0	NonTarget	1	325882
1633.435	1.0	NonTarget	1	326687
1636.41	1.0	NonTarget	1	327282
1638.435	1.0	NonTarget	1	327687
1645.41	1.0	NonTarget	1	329082
1652.17	1.0	Target	2	330434
1653.435	1.0	NonTarget	1	330687
1655.41	1.0	NonTarget	1	331082
1670.2	1.0	NonTarget	1	334040
1671.44	1.0	Target	2	334288
1673.965	1.0	NonTarget	1	334793
1676.44	1.0	Target	2	335288
1682.2	1.0	NonTarget	1	336440
1683.44	1.0	Target	2	336688
1685.215	1.0	NonTarget	1	337043
1688.44	1.0	Target	2	337688
1694.44	1.0	Target	2	338888
1703.44	1.0	Target	2	340688
1718.52	1.0	NonTarget	1	343704
1721.28	1.0	NonTarget	1	344256
1723.295	1.0	Target	2	344659
1726.52	1.0	NonTarget	1	345304
1733.295	1.0	Target	2	346659
1734.52	1.0	NonTarget	1	346904
1743.52	1.0	NonTarget	1	348704
1745.52	1.0	NonTarget	1	349104
1750.52	1.0	NonTarget	1	350104
1766.565	1.0	NonTarget	1	353313
1775.315	1.0	NonTarget	1	355063
1776.79	1.0	NonTarget	1	355358
1779.065	1.0	NonTarget	1	355813
1782.815	1.0	NonTarget	1	356563
1784.79	1.0	NonTarget	1	356958
1787.55	1.0	Target	2	357510
1789.065	1.0	NonTarget	1	357813
1791.79	1.0	NonTarget	1	358358
1797.815	1.0	NonTarget	1	359563
1799.79	1.0	NonTarget	1	359958
1815.22	1.0	NonTarget	1	363044
1827.475	1.0	Target	2	365495
1830.245	1.0	NonTarget	1	366049
1832.22	1.0	NonTarget	1	366444
1837.975	1.0	Target	2	367595
1840.22	1.0	NonTarget	1	368044
1843.975	1.0	Target	2	368795
1846.22	1.0	NonTarget	1	369244
1847.745	1.0	NonTarget	1	369549
1862.365	1.0	NonTarget	1	372473
1865.89	1.0	Target	2	373178
1871.12	1.0	NonTarget	1	374224
1873.365	1.0	NonTarget	1	374673
1874.64	1.0	Target	2	374928
1876.365	1.0	NonTarget	1	375273
1880.89	1.0	Target	2	376178
1883.12	1.0	NonTarget	1	376624
1885.365	1.0	NonTarget	1	377073
1887.62	1.0	NonTarget	1	377524
1896.365	1.0	NonTarget	1	379273
1910.345	1.0	NonTarget	1	382069
1913.1	1.0	NonTarget	1	382620
1913.87	1.0	Target	2	382774
1915.345	1.0	NonTarget	1	383069
1920.345	1.0	NonTarget	1	384069
1922.62	1.0	Target	2	384524
1925.345	1.0	NonTarget	1	385069
1926.6	1.0	NonTarget	1	385320
1929.6	1.0	NonTarget	1	385920
1931.345	1.0	NonTarget	1	386269
1933.345	1.0	NonTarget	1	386669
1940.345	1.0	NonTarget	1	388069
1944.6	1.0	NonTarget	1	388920
1958.945	1.0	NonTarget	1	391789
1962.955	1.0	Target	2	392591
1963.945	1.0	NonTarget	1	392789
1965.22	1.0	NonTarget	1	393044
1969.705	1.0	Target	2	393941
1970.945	1.0	NonTarget	1	394189
1972.72	1.0	NonTarget	1	394544
1975.945	1.0	NonTarget	1	395189
1977.205	1.0	Target	2	395441
1977.72	1.0	NonTarget	1	395544
1980.955	1.0	Target	2	396191
1983.97	1.0	NonTarget	1	396794
1987.945	1.0	NonTarget	1	397589
2007.96	1.0	NonTarget	1	401592
2010.7	1.0	NonTarget	1	402140
2018.46	1.0	NonTarget	1	403692
2021.7	1.0	NonTarget	1	404340
2025.225	1.0	Target	2	405045
2027.46	1.0	NonTarget	1	405492
2034.7	1.0	NonTarget	1	406940
2036.475	1.0	Target	2	407295
2054.725	1.0	Target	2	410945
2056.95	1.0	NonTarget	1	411390
2059.95	1.0	NonTarget	1	411990
2062.96	1.0	NonTarget	1	412592
2065.95	1.0	NonTarget	1	413190
2067.225	1.0	Target	2	413445
2068.21	1.0	NonTarget	1	413642
2073.475	1.0	Target	2	414695
2075.95	1.0	NonTarget	1	415190
2077.21	1.0	NonTarget	1	415442
2078.475	1.0	Target	2	415695
2084.95	1.0	NonTarget	1	416990
2103.165	1.0	NonTarget	1	420633
2104.435	1.0	Target	2	420887
2108.185	1.0	Target	2	421637
2110.41	1.0	NonTarget	1	422082
2114.435	1.0	Target	2	422887
2117.41	1.0	NonTarget	1	423482
2119.435	1.0	Target	2	423887
2126.41	1.0	NonTarget	1	425282
2133.165	1.0	NonTarget	1	426633
2134.435	1.0	Target	2	426887
2136.41	1.0	NonTarget	1	427282
2173.535	1.0	Target	2	434707
2180.92	1.0	Target	2	436184
2186.46	1.0	Target	2	437292
2192.0	1.0	Target	2	438400
2199.385	1.0	Target	2	439877
2206.77	1.0	Target	2	441354
2233.505	1.0	Target	2	446701
2237.2	1.0	Target	2	447440
2242.73	1.0	Target	2	448546
2250.12	1.0	Target	2	450024
2257.505	1.0	Target	2	451501
2264.89	1.0	Target	2	452978
2283.505	1.0	Target	2	456701
2296.43	1.0	Target	2	459286
2305.66	1.0	Target	2	461132
2311.2	1.0	Target	2	462240
2337.72	1.0	Target	2	467544
2345.105	1.0	Target	2	469021
2350.645	1.0	Target	2	470129
2358.03	1.0	Target	2	471606
2365.415	1.0	Target	2	473083
2387.645	1.0	Target	2	477529
2395.03	1.0	Target	2	479006
2400.565	1.0	Target	2	480113
2406.105	1.0	Target	2	481221
2417.185	1.0	Target	2	483437
2444.315	1.0	Target	2	488863
2453.545	1.0	Target	2	490709
2462.78	1.0	Target	2	492556
2468.315	1.0	Target	2	493663
2484.825	1.0	Target	2	496965
2492.21	1.0	Target	2	498442
2497.75	1.0	Target	2	499550
2506.98	1.0	Target	2	501396
2512.515	1.0	Target	2	502503
2536.74	1.0	Target	2	507348
2542.28	1.0	Target	2	508456
2551.51	1.0	Target	2	510302
2566.28	1.0	Target	2	513256
2588.69	1.0	Target	2	517738
2592.385	1.0	Target	2	518477
2599.77	1.0	Target	2	519954
2605.31	1.0	Target	2	521062
2616.385	1.0	Target	2	523277
2636.45	1.0	Target	2	527290
2647.53	1.0	Target	2	529506
2653.07	1.0	Target	2	530614
2660.45	1.0	Target	2	532090
2686.91	1.0	Target	2	537382
2694.295	1.0	Target	2	538859
2699.835	1.0	Target	2	539967
2705.37	1.0	Target	2	541074
2712.755	1.0	Target	2	542551
2720.14	1.0	Target	2	544028
2737.22	1.0	Target	2	547444
2744.605	1.0	Target	2	548921
2753.835	1.0	Target	2	550767
2768.605	1.0	Target	2	553721
3003.54	1.0	Target	2	600708
3009.075	1.0	Target	2	601815
3016.46	1.0	Target	2	603292
3020.155	1.0	Target	2	604031
3022.0	1.0	Target	2	604400
3027.54	1.0	Target	2	605508
3033.075	1.0	Target	2	606615
3055.455	1.0	Target	2	611091
3062.84	1.0	Target	2	612568
3068.38	1.0	Target	2	613676
3075.765	1.0	Target	2	615153
3083.15	1.0	Target	2	616630
3106.005	1.0	Target	2	621201
3113.385	1.0	Target	2	622677
3118.925	1.0	Target	2	623785
3124.465	1.0	Target	2	624893
3135.54	1.0	Target	2	627108
3161.885	1.0	Target	2	632377
3169.27	1.0	Target	2	633854
3176.655	1.0	Target	2	635331
3184.04	1.0	Target	2	636808
3189.58	1.0	Target	2	637916
3207.58	1.0	Target	2	641516
3214.965	1.0	Target	2	642993
3220.5	1.0	Target	2	644100
3229.73	1.0	Target	2	645946
3235.27	1.0	Target	2	647054
3257.935	1.0	Target	2	651587
3263.475	1.0	Target	2	652695
3269.01	1.0	Target	2	653802
3276.395	1.0	Target	2	655279
3283.78	1.0	Target	2	656756
3291.165	1.0	Target	2	658233
3309.535	1.0	Target	2	661907
3320.615	1.0	Target	2	664123
3340.92	1.0	Target	2	668184
3359.515	1.0	Target	2	671903
3368.745	1.0	Target	2	673749
3374.285	1.0	Target	2	674857
3383.515	1.0	Target	2	676703
3389.055	1.0	Target	2	677811
3412.115	1.0	Target	2	682423
3417.655	1.0	Target	2	683531
3425.04	1.0	Target	2	685008
3432.425	1.0	Target	2	686485
3437.965	1.0	Target	2	687593
3481.89	1.0	Target	2	696378
3489.89	1.0	Target	2	697978
3496.89	1.0	Target	2	699378
3504.89	1.0	Target	2	700978
3523.875	1.0	Target	2	704775
3535.125	1.0	Target	2	707025
3541.375	1.0	Target	2	708275
3545.125	1.0	Target	2	709025
3572.695	1.0	Target	2	714539
3581.445	1.0	Target	2	716289
3587.7	1.0	Target	2	717540
3601.45	1.0	Target	2	720290
3617.97	1.0	Target	2	723594
3622.97	1.0	Target	2	724594
3629.97	1.0	Target	2	725994
3634.97	1.0	Target	2	726994
3646.97	1.0	Target	2	729394
3669.415	1.0	Target	2	733883
3676.165	1.0	Target	2	735233
3679.915	1.0	Target	2	735983
3688.915	1.0	Target	2	737783
3694.165	1.0	Target	2	738833
3700.165	1.0	Target	2	740033
3715.71	1.0	Target	2	743142
3720.71	1.0	Target	2	744142
3729.46	1.0	Target	2	745892
3734.46	1.0	Target	2	746892
3749.46	1.0	Target	2	749892
3768.17	1.0	Target	2	753634
3771.17	1.0	Target	2	754234
3777.17	1.0	Target	2	755434
3787.17	1.0	Target	2	757434
3796.17	1.0	Target	2	759234
3816.75	1.0	Target	2	763350
3820.5	1.0	Target	2	764100
3834.0	1.0	Target	2	766800
3844.5	1.0	Target	2	768900
3865.13	1.0	Target	2	773026
3869.63	1.0	Target	2	773926
3874.88	1.0	Target	2	774976
3885.38	1.0	Target	2	777076
3889.13	1.0	Target	2	777826
3891.38	1.0	Target	2	778276
3913.335	1.0	Target	2	782667
3917.335	1.0	Target	2	783467
3924.335	1.0	Target	2	784867
3933.335	1.0	Target	2	786667
3943.335	1.0	Target	2	788667
3977.335	1.0	Target	2	795467
3980.335	1.0	Target	2	796067
3989.335	1.0	Target	2	797867
3996.085	1.0	Target	2	799217
4004.335	1.0	Target	2	800867
4026.9	1.0	Target	2	805380
4038.15	1.0	Target	2	807630
4044.4	1.0	Target	2	808880
4048.15	1.0	Target	2	809630
4075.88	1.0	Target	2	815176
4086.88	1.0	Target	2	817376
4089.88	1.0	Target	2	817976
4098.88	1.0	Target	2	819776
4109.88	1.0	Target	2	821976
4123.35	1.0	Target	2	824670
4127.1	1.0	Target	2	825420
4132.1	1.0	Target	2	826420
4139.6	1.0	Target	2	827920
4144.6	1.0	Target	2	828920
4150.85	1.0	Target	2	830170
4174.695	1.0	Target	2	834939
4181.445	1.0	Target	2	836289
4185.195	1.0	Target	2	837039
4194.195	1.0	Target	2	838839
4199.445	1.0	Target	2	839889
4205.445	1.0	Target	2	841089
4224.47	1.0	Target	2	844894
4229.72	1.0	Target	2	845944
4237.97	1.0	Target	2	847594
4240.97	1.0	Target	2	848194
4249.22	1.0	Target	2	849844
4255.97	1.0	Target	2	851194
4272.065	1.0	Target	2	854413
4275.07	1.0	Target	2	855014
4281.07	1.0	Target	2	856214
4291.07	1.0	Target	2	858214
4300.07	1.0	Target	2	860014
4324.78	1.0	Target	2	864956
4334.78	1.0	Target	2	866956
4348.53	1.0	Target	2	869706
4369.615	1.0	Target	2	873923
4386.615	1.0	Target	2	877323
4394.615	1.0	Target	2	878923
4400.615	1.0	Target	2	880123
4417.345	1.0	Target	2	883469
4427.095	1.0	Target	2	885419
4447.345	1.0	Target	2	889469
4468.38	1.0	Target	2	893676
4477.13	1.0	Target	2	895426
4480.88	1.0	Target	2	896176
4484.63	1.0	Target	2	896926
4490.88	1.0	Target	2	898176
4493.38	1.0	Target	2	898676
4499.63	1.0	Target	2	899926
4541.865	1.0	Target	2	908373
4544.515	1.0	NonTarget	1	908903
4547.4	1.0	Target	2	909480
4549.245	1.0	Target	2	909849
4551.9	1.0	NonTarget	1	910380
4554.785	1.0	Target	2	910957
4557.44	1.0	NonTarget	1	911488
4558.475	1.0	Target	2	911695
4562.975	1.0	NonTarget	1	912595
4565.865	1.0	Target	2	913173
4571.4	1.0	Target	2	914280
4574.055	1.0	NonTarget	1	914811
4599.84	1.0	NonTarget	1	919968
4600.65	1.0	NonTarget	1	920130
4608.035	1.0	NonTarget	1	921607
4609.07	1.0	NonTarget	1	921814
4614.61	1.0	NonTarget	1	922922
4617.265	1.0	NonTarget	1	923453
4621.995	1.0	NonTarget	1	924399
4625.68	1.0	Target	2	925136
4629.38	1.0	NonTarget	1	925876
4632.035	1.0	NonTarget	1	926407
4650.785	1.0	NonTarget	1	930157
4653.44	1.0	Target	2	930688
4658.17	1.0	NonTarget	1	931634
4658.975	1.0	Target	2	931795
4663.71	1.0	NonTarget	1	932742
4664.515	1.0	Target	2	932903
4671.9	1.0	Target	2	934380
4672.94	1.0	NonTarget	1	934588
4677.44	1.0	Target	2	935488
4678.475	1.0	NonTarget	1	935695
4682.975	1.0	Target	2	936595
4703.01	1.0	Target	2	940602
4703.815	1.0	NonTarget	1	940763
4708.55	1.0	Target	2	941710
4709.35	1.0	NonTarget	1	941870
4715.93	1.0	Target	2	943186
4720.43	1.0	NonTarget	1	944086
4721.47	1.0	Target	2	944294
4728.85	1.0	Target	2	945770
4734.39	1.0	Target	2	946878
4735.205	1.0	NonTarget	1	947041
4754.675	1.0	NonTarget	1	950935
4762.055	1.0	NonTarget	1	952411
4766.79	1.0	NonTarget	1	953358
4767.595	1.0	NonTarget	1	953519
4773.135	1.0	NonTarget	1	954627
4776.015	1.0	NonTarget	1	955203
4780.515	1.0	NonTarget	1	956103
4781.555	1.0	NonTarget	1	956311
4787.905	1.0	NonTarget	1	957581
4803.68	1.0	Target	2	960736
4804.495	1.0	NonTarget	1	960899
4809.22	1.0	Target	2	961844
4810.03	1.0	NonTarget	1	962006
4814.765	1.0	Target	2	962953
4817.415	1.0	NonTarget	1	963483
4822.14	1.0	Target	2	964428
4824.8	1.0	NonTarget	1	964960
4829.53	1.0	Target	2	965906
4832.18	1.0	NonTarget	1	966436
4836.915	1.0	Target	2	967383
4855.09	1.0	Target	2	971018
4859.59	1.0	NonTarget	1	971918
4866.97	1.0	NonTarget	1	973394
4868.015	1.0	Target	2	973603
4872.515	1.0	NonTarget	1	974503
4877.245	1.0	Target	2	975449
4878.055	1.0	NonTarget	1	975611
4882.785	1.0	Target	2	976557
4885.44	1.0	NonTarget	1	977088
4908.66	1.0	Target	2	981732
4911.545	1.0	NonTarget	1	982309
4914.2	1.0	Target	2	982840
4915.24	1.0	NonTarget	1	983048
4919.74	1.0	Target	2	983948
4922.625	1.0	NonTarget	1	984525
4927.125	1.0	Target	2	985425
4928.16	1.0	NonTarget	1	985632
4932.66	1.0	Target	2	986532
4939.24	1.0	NonTarget	1	987848
4940.045	1.0	Target	2	988009
4964.015	1.0	NonTarget	1	992803
4968.755	1.0	NonTarget	1	993751
4971.405	1.0	NonTarget	1	994281
4977.985	1.0	NonTarget	1	995597
4978.79	1.0	NonTarget	1	995758
4986.175	1.0	NonTarget	1	997235
4987.215	1.0	NonTarget	1	997443
4991.715	1.0	NonTarget	1	998343
4992.755	1.0	NonTarget	1	998551
5011.65	1.0	NonTarget	1	1002330
5012.68	1.0	Target	2	1002536
5020.07	1.0	NonTarget	1	1004014
5021.92	1.0	Target	2	1004384
5022.72	1.0	NonTarget	1	1004544
5027.455	1.0	Target	2	1005491
5028.265	1.0	NonTarget	1	1005653
5035.65	1.0	NonTarget	1	1007130
5036.69	1.0	Target	2	1007338
5042.22	1.0	Target	2	1008444
5044.07	1.0	NonTarget	1	1008814
5061.665	1.0	NonTarget	1	1012333
5064.315	1.0	Target	2	1012863
5067.2	1.0	NonTarget	1	1013440
5069.05	1.0	NonTarget	1	1013810
5071.7	1.0	Target	2	1014340
5074.585	1.0	NonTarget	1	1014917
5077.24	1.0	Target	2	1015448
5078.28	1.0	NonTarget	1	1015656
5082.78	1.0	Target	2	1016556
5085.665	1.0	NonTarget	1	1017133
5091.2	1.0	NonTarget	1	1018240
5093.85	1.0	Target	2	1018770
5113.635	1.0	NonTarget	1	1022727
5114.445	1.0	NonTarget	1	1022889
5121.825	1.0	NonTarget	1	1024365
5122.865	1.0	NonTarget	1	1024573
5124.71	1.0	Target	2	1024942
5128.405	1.0	NonTarget	1	1025681
5131.055	1.0	NonTarget	1	1026211
5135.79	1.0	NonTarget	1	1027158
5143.175	1.0	NonTarget	1	1028635
5145.83	1.0	NonTarget	1	1029166
5166.075	1.0	NonTarget	1	1033215
5168.725	1.0	Target	2	1033745
5173.46	1.0	NonTarget	1	1034692
5174.265	1.0	Target	2	1034853
5179.0	1.0	NonTarget	1	1035800
5179.805	1.0	Target	2	1035961
5187.195	1.0	Target	2	1037439
5188.225	1.0	NonTarget	1	1037645
5192.725	1.0	Target	2	1038545
5193.765	1.0	NonTarget	1	1038753
5198.265	1.0	Target	2	1039653
5227.64	1.0	NonTarget	1	1045528
5228.455	1.0	Target	2	1045691
5233.18	1.0	NonTarget	1	1046636
5233.99	1.0	Target	2	1046798
5240.57	1.0	NonTarget	1	1048114
5245.07	1.0	Target	2	1049014
5246.105	1.0	NonTarget	1	1049221
5253.49	1.0	NonTarget	1	1050698
5259.03	1.0	NonTarget	1	1051806
5259.84	1.0	Target	2	1051968
5277.685	1.0	NonTarget	1	1055537
5285.07	1.0	NonTarget	1	1057014
5289.8	1.0	NonTarget	1	1057960
5290.61	1.0	NonTarget	1	1058122
5296.15	1.0	NonTarget	1	1059230
5299.03	1.0	NonTarget	1	1059806
5303.53	1.0	NonTarget	1	1060706
5304.57	1.0	NonTarget	1	1060914
5310.915	1.0	NonTarget	1	1062183
5347.575	1.0	NonTarget	1	1069515
5348.385	1.0	Target	2	1069677
5353.115	1.0	NonTarget	1	1070623
5353.92	1.0	Target	2	1070784
5358.65	1.0	NonTarget	1	1071730
5361.305	1.0	Target	2	1072261
5366.035	1.0	NonTarget	1	1073207
5368.69	1.0	Target	2	1073738
5373.42	1.0	NonTarget	1	1074684
5376.075	1.0	Target	2	1075215
5380.805	1.0	NonTarget	1	1076161
5399.625	1.0	NonTarget	1	1079925
5404.125	1.0	NonTarget	1	1080825
5411.51	1.0	NonTarget	1	1082302
5412.545	1.0	NonTarget	1	1082509
5414.39	1.0	Target	2	1082878
5417.045	1.0	NonTarget	1	1083409
5421.775	1.0	NonTarget	1	1084355
5422.585	1.0	NonTarget	1	1084517
5427.315	1.0	NonTarget	1	1085463
5429.97	1.0	NonTarget	1	1085994
5450.73	1.0	NonTarget	1	1090146
5453.61	1.0	Target	2	1090722
5456.265	1.0	NonTarget	1	1091253
5457.305	1.0	Target	2	1091461
5461.805	1.0	NonTarget	1	1092361
5464.69	1.0	Target	2	1092938
5469.19	1.0	NonTarget	1	1093838
5470.23	1.0	Target	2	1094046
5474.73	1.0	NonTarget	1	1094946
5481.305	1.0	Target	2	1096261
5482.115	1.0	NonTarget	1	1096423
5535.91	1.0	NonTarget	1	1107182
5540.64	1.0	NonTarget	1	1108128
5543.295	1.0	NonTarget	1	1108659
5549.87	1.0	NonTarget	1	1109974
5550.68	1.0	NonTarget	1	1110136
5558.065	1.0	NonTarget	1	1111613
5559.1	1.0	NonTarget	1	1111820
5563.6	1.0	NonTarget	1	1112720
5564.64	1.0	NonTarget	1	1112928
5586.095	1.0	Target	2	1117219
5587.135	1.0	NonTarget	1	1117427
5596.365	1.0	NonTarget	1	1119273
5597.175	1.0	Target	2	1119435
5601.905	1.0	NonTarget	1	1120381
5602.715	1.0	Target	2	1120543
5605.595	1.0	NonTarget	1	1121119
5610.095	1.0	Target	2	1122019
5611.135	1.0	NonTarget	1	1122227
5616.675	1.0	NonTarget	1	1123335
5635.455	1.0	Target	2	1127091
5638.11	1.0	NonTarget	1	1127622
5640.99	1.0	Target	2	1128198
5642.84	1.0	Target	2	1128568
5645.49	1.0	NonTarget	1	1129098
5648.375	1.0	Target	2	1129675
5651.03	1.0	NonTarget	1	1130206
5652.07	1.0	Target	2	1130414
5656.57	1.0	NonTarget	1	1131314
5659.455	1.0	Target	2	1131891
5664.995	1.0	Target	2	1132999
5667.645	1.0	NonTarget	1	1133529
5698.46	1.0	NonTarget	1	1139692
5703.46	1.0	NonTarget	1	1140692
5704.735	1.0	NonTarget	1	1140947
5709.215	1.0	Target	2	1141843
5710.46	1.0	NonTarget	1	1142092
5712.235	1.0	NonTarget	1	1142447
5715.46	1.0	NonTarget	1	1143092
5716.715	1.0	Target	2	1143343
5717.235	1.0	NonTarget	1	1143447
5723.485	1.0	NonTarget	1	1144697
5727.46	1.0	NonTarget	1	1145492
5746.77	1.0	NonTarget	1	1149354
5747.76	1.0	NonTarget	1	1149552
5749.77	1.0	NonTarget	1	1149954
5751.285	1.0	Target	2	1150257
5756.52	1.0	NonTarget	1	1151304
5758.76	1.0	NonTarget	1	1151752
5760.035	1.0	Target	2	1152007
5761.76	1.0	NonTarget	1	1152352
5763.27	1.0	NonTarget	1	1152654
5766.285	1.0	Target	2	1153257
5768.52	1.0	NonTarget	1	1153704
5770.76	1.0	NonTarget	1	1154152
5773.02	1.0	NonTarget	1	1154604
5778.27	1.0	NonTarget	1	1155654
5781.76	1.0	NonTarget	1	1156352
5795.905	1.0	NonTarget	1	1159181
5797.145	1.0	Target	2	1159429
5799.67	1.0	NonTarget	1	1159934
5801.155	1.0	NonTarget	1	1160231
5802.145	1.0	Target	2	1160429
5807.905	1.0	NonTarget	1	1161581
5809.145	1.0	Target	2	1161829
5810.92	1.0	NonTarget	1	1162184
5814.145	1.0	Target	2	1162829
5816.155	1.0	NonTarget	1	1163231
5820.145	1.0	Target	2	1164029
5825.155	1.0	NonTarget	1	1165031
5829.145	1.0	Target	2	1165829
5844.675	1.0	NonTarget	1	1168935
5845.94	1.0	NonTarget	1	1169188
5849.69	1.0	NonTarget	1	1169938
5851.915	1.0	Target	2	1170383
5854.425	1.0	NonTarget	1	1170885
5855.94	1.0	NonTarget	1	1171188
5858.915	1.0	Target	2	1171783
5860.94	1.0	NonTarget	1	1172188
5867.915	1.0	Target	2	1173583
5874.675	1.0	NonTarget	1	1174935
5875.94	1.0	NonTarget	1	1175188
5877.915	1.0	Target	2	1175583
5894.045	1.0	NonTarget	1	1178809
5896.8	1.0	NonTarget	1	1179360
5897.57	1.0	Target	2	1179514
5899.045	1.0	NonTarget	1	1179809
5904.045	1.0	NonTarget	1	1180809
5906.32	1.0	Target	2	1181264
5909.045	1.0	NonTarget	1	1181809
5910.3	1.0	NonTarget	1	1182060
5913.3	1.0	NonTarget	1	1182660
5915.045	1.0	NonTarget	1	1183009
5917.045	1.0	NonTarget	1	1183409
5924.045	1.0	NonTarget	1	1184809
5928.3	1.0	NonTarget	1	1185660
5943.43	1.0	NonTarget	1	1188686
5945.94	1.0	Target	2	1189188
5950.44	1.0	Target	2	1190088
5955.69	1.0	Target	2	1191138
5958.455	1.0	NonTarget	1	1191691
5960.43	1.0	NonTarget	1	1192086
5966.19	1.0	Target	2	1193238
5968.43	1.0	NonTarget	1	1193686
5972.19	1.0	Target	2	1194438
5974.43	1.0	NonTarget	1	1194886
5975.955	1.0	NonTarget	1	1195191
5991.205	1.0	Target	2	1198241
5993.96	1.0	NonTarget	1	1198792
5995.98	1.0	NonTarget	1	1199196
5999.205	1.0	Target	2	1199841
6005.98	1.0	NonTarget	1	1201196
6007.205	1.0	Target	2	1201441
6011.215	1.0	NonTarget	1	1202243
6016.205	1.0	Target	2	1203241
6018.205	1.0	Target	2	1203641
6021.715	1.0	NonTarget	1	1204343
6023.205	1.0	Target	2	1204641
6039.915	1.0	NonTarget	1	1207983
6048.665	1.0	NonTarget	1	1209733
6050.14	1.0	Target	2	1210028
6052.415	1.0	NonTarget	1	1210483
6056.165	1.0	NonTarget	1	1211233
6058.145	1.0	Target	2	1211629
6060.9	1.0	NonTarget	1	1212180
6062.42	1.0	NonTarget	1	1212484
6065.145	1.0	Target	2	1213029
6071.17	1.0	NonTarget	1	1214234
6073.145	1.0	Target	2	1214629
6090.82	1.0	Target	2	1218164
6093.56	1.0	NonTarget	1	1218712
6097.57	1.0	Target	2	1219514
6101.32	1.0	Target	2	1220264
6104.56	1.0	NonTarget	1	1220912
6108.085	1.0	NonTarget	1	1221617
6110.32	1.0	Target	2	1222064
6115.57	1.0	Target	2	1223114
6117.56	1.0	NonTarget	1	1223512
6119.335	1.0	NonTarget	1	1223867
6121.57	1.0	Target	2	1224314
6137.94	1.0	NonTarget	1	1227588
6140.165	1.0	Target	2	1228033
6143.165	1.0	Target	2	1228633
6149.165	1.0	Target	2	1229833
6150.44	1.0	NonTarget	1	1230088
6151.425	1.0	NonTarget	1	1230285
6156.69	1.0	NonTarget	1	1231338
6159.165	1.0	Target	2	1231833
6160.425	1.0	NonTarget	1	1232085
6161.69	1.0	NonTarget	1	1232338
6165.675	1.0	NonTarget	1	1233135
6168.165	1.0	Target	2	1233633
6189.865	1.0	NonTarget	1	1237973
6193.875	1.0	NonTarget	1	1238775
6194.865	1.0	NonTarget	1	1238973
6196.14	1.0	Target	2	1239228
6200.625	1.0	NonTarget	1	1240125
6201.865	1.0	NonTarget	1	1240373
6203.64	1.0	Target	2	1240728
6206.865	1.0	NonTarget	1	1241373
6208.125	1.0	NonTarget	1	1241625
6208.64	1.0	Target	2	1241728
6211.875	1.0	NonTarget	1	1242375
6214.89	1.0	Target	2	1242978
6218.865	1.0	NonTarget	1	1243773
6236.04	1.0	NonTarget	1	1247208
6237.03	1.0	NonTarget	1	1247406
6239.04	1.0	NonTarget	1	1247808
6240.555	1.0	Target	2	1248111
6245.79	1.0	NonTarget	1	1249158
6248.03	1.0	NonTarget	1	1249606
6249.305	1.0	Target	2	1249861
6251.03	1.0	NonTarget	1	1250206
6252.54	1.0	NonTarget	1	1250508
6255.555	1.0	Target	2	1251111
6257.79	1.0	NonTarget	1	1251558
6260.03	1.0	NonTarget	1	1252006
6262.29	1.0	NonTarget	1	1252458
6267.54	1.0	NonTarget	1	1253508
6271.03	1.0	NonTarget	1	1254206
6286.575	1.0	Target	2	1257315
6287.815	1.0	NonTarget	1	1257563
6290.34	1.0	NonTarget	1	1258068
6291.825	1.0	Target	2	1258365
6292.815	1.0	NonTarget	1	1258563
6298.575	1.0	Target	2	1259715
6299.815	1.0	NonTarget	1	1259963
6301.59	1.0	NonTarget	1	1260318
6304.815	1.0	NonTarget	1	1260963
6306.825	1.0	Target	2	1261365
6310.815	1.0	NonTarget	1	1262163
6315.825	1.0	Target	2	1263165
6319.815	1.0	NonTarget	1	1263963
6341.265	1.0	NonTarget	1	1268253
6342.53	1.0	NonTarget	1	1268506
6346.28	1.0	NonTarget	1	1269256
6348.505	1.0	Target	2	1269701
6351.015	1.0	NonTarget	1	1270203
6352.53	1.0	NonTarget	1	1270506
6355.505	1.0	Target	2	1271101
6357.53	1.0	NonTarget	1	1271506
6364.505	1.0	Target	2	1272901
6371.265	1.0	NonTarget	1	1274253
6372.53	1.0	NonTarget	1	1274506
6374.505	1.0	Target	2	1274901
6389.59	1.0	NonTarget	1	1277918
6392.345	1.0	Target	2	1278469
6393.115	1.0	NonTarget	1	1278623
6394.59	1.0	NonTarget	1	1278918
6399.59	1.0	NonTarget	1	1279918
6401.865	1.0	NonTarget	1	1280373
6404.59	1.0	NonTarget	1	1280918
6405.845	1.0	Target	2	1281169
6408.845	1.0	Target	2	1281769
6410.59	1.0	NonTarget	1	1282118
6412.59	1.0	NonTarget	1	1282518
6419.59	1.0	NonTarget	1	1283918
6423.845	1.0	Target	2	1284769
6438.505	1.0	NonTarget	1	1287701
6450.76	1.0	Target	2	1290152
6453.53	1.0	NonTarget	1	1290706
6455.505	1.0	NonTarget	1	1291101
6461.26	1.0	Target	2	1292252
6463.505	1.0	NonTarget	1	1292701
6467.26	1.0	Target	2	1293452
6469.505	1.0	NonTarget	1	1293901
6471.03	1.0	NonTarget	1	1294206
6486.275	1.0	Target	2	1297255
6489.03	1.0	NonTarget	1	1297806
6491.05	1.0	NonTarget	1	1298210
6494.275	1.0	Target	2	1298855
6501.05	1.0	NonTarget	1	1300210
6502.275	1.0	Target	2	1300455
6511.275	1.0	Target	2	1302255
6513.275	1.0	Target	2	1302655
6518.275	1.0	Target	2	1303655
6538.98	1.0	NonTarget	1	1307796
6547.73	1.0	NonTarget	1	1309546
6549.205	1.0	NonTarget	1	1309841
6551.48	1.0	NonTarget	1	1310296
6555.23	1.0	NonTarget	1	1311046
6557.205	1.0	NonTarget	1	1311441
6559.96	1.0	Target	2	1311992
6561.48	1.0	NonTarget	1	1312296
6564.205	1.0	NonTarget	1	1312841
6570.23	1.0	NonTarget	1	1314046
6572.205	1.0	NonTarget	1	1314441
6590.81	1.0	NonTarget	1	1318162
6593.55	1.0	NonTarget	1	1318710
6597.56	1.0	NonTarget	1	1319512
6601.31	1.0	NonTarget	1	1320262
6604.55	1.0	NonTarget	1	1320910
6608.075	1.0	Target	2	1321615
6610.31	1.0	NonTarget	1	1322062
6615.56	1.0	NonTarget	1	1323112
6617.55	1.0	NonTarget	1	1323510
6619.325	1.0	Target	2	1323865
6621.56	1.0	NonTarget	1	1324312
6647.03	1.0	NonTarget	1	1329406
6649.255	1.0	NonTarget	1	1329851
6652.255	1.0	NonTarget	1	1330451
6658.255	1.0	NonTarget	1	1331651
6659.53	1.0	NonTarget	1	1331906
6660.51	1.0	Target	2	1332102
6665.78	1.0	NonTarget	1	1333156
6668.255	1.0	NonTarget	1	1333651
6669.51	1.0	Target	2	1333902
6670.78	1.0	NonTarget	1	1334156
6677.255	1.0	NonTarget	1	1335451
6697.485	1.0	NonTarget	1	1339497
6702.485	1.0	NonTarget	1	1340497
6703.76	1.0	Target	2	1340752
6708.245	1.0	NonTarget	1	1341649
6709.485	1.0	NonTarget	1	1341897
6711.26	1.0	Target	2	1342252
6714.485	1.0	NonTarget	1	1342897
6715.745	1.0	NonTarget	1	1343149
6716.26	1.0	Target	2	1343252
6719.495	1.0	NonTarget	1	1343899
6722.51	1.0	Target	2	1344502
6726.485	1.0	NonTarget	1	1345297
6764.8	1.0	Target	2	1352960
6774.03	1.0	Target	2	1354806
6779.57	1.0	Target	2	1355914
6788.8	1.0	Target	2	1357760
6794.335	1.0	Target	2	1358867
6814.655	1.0	Target	2	1362931
6820.195	1.0	Target	2	1364039
6822.04	1.0	Target	2	1364408
6827.58	1.0	Target	2	1365516
6831.27	1.0	Target	2	1366254
6838.655	1.0	Target	2	1367731
6844.195	1.0	Target	2	1368839
6871.26	1.0	Target	2	1374252
6878.645	1.0	Target	2	1375729
6886.03	1.0	Target	2	1377206
6893.415	1.0	Target	2	1378683
6898.955	1.0	Target	2	1379791
6923.955	1.0	Target	2	1384791
6929.495	1.0	Target	2	1385899
6936.88	1.0	Target	2	1387376
6944.265	1.0	Target	2	1388853
6949.805	1.0	Target	2	1389961
6975.035	1.0	Target	2	1395007
6982.42	1.0	Target	2	1396484
6987.96	1.0	Target	2	1397592
6995.345	1.0	Target	2	1399069
7002.73	1.0	Target	2	1400546
7022.77	1.0	Target	2	1404554
7037.54	1.0	Target	2	1407508
7046.77	1.0	Target	2	1409354
7052.31	1.0	Target	2	1410462
7074.655	1.0	Target	2	1414931
7080.19	1.0	Target	2	1416038
7087.575	1.0	Target	2	1417515
7091.27	1.0	Target	2	1418254
7093.115	1.0	Target	2	1418623
7098.655	1.0	Target	2	1419731
7104.19	1.0	Target	2	1420838
7128.635	1.0	Target	2	1425727
7132.33	1.0	Target	2	1426466
7139.715	1.0	Target	2	1427943
7145.25	1.0	Target	2	1429050
7156.33	1.0	Target	2	1431266
7178.17	1.0	Target	2	1435634
7185.555	1.0	Target	2	1437111
7194.785	1.0	Target	2	1438957
7209.555	1.0	Target	2	1441911
7229.575	1.0	Target	2	1445915
7235.11	1.0	Target	2	1447022
7244.34	1.0	Target	2	1448868
7259.11	1.0	Target	2	1451822
7282.775	1.0	Target	2	1456555
7293.855	1.0	Target	2	1458771
7299.39	1.0	Target	2	1459878
7306.775	1.0	Target	2	1461355
7336.405	1.0	Target	2	1467281
7343.79	1.0	Target	2	1468758
7349.325	1.0	Target	2	1469865
7354.865	1.0	Target	2	1470973
7365.945	1.0	Target	2	1473189
7392.83	1.0	Target	2	1478566
7402.065	1.0	Target	2	1480413
7411.295	1.0	Target	2	1482259
7416.835	1.0	Target	2	1483367
7447.14	1.0	Target	2	1489428
7456.375	1.0	Target	2	1491275
7461.91	1.0	Target	2	1492382
7497.66	1.0	Target	2	1499532
7503.2	1.0	Target	2	1500640
7510.585	1.0	Target	2	1502117
7516.125	1.0	Target	2	1503225
7523.51	1.0	Target	2	1504702
7529.045	1.0	Target	2	1505809
7549.635	1.0	Target	2	1509927
7555.175	1.0	Target	2	1511035
7560.71	1.0	Target	2	1512142
7568.095	1.0	Target	2	1513619
7573.635	1.0	Target	2	1514727
7579.175	1.0	Target	2	1515835
7597.835	1.0	Target	2	1519567
7610.76	1.0	Target	2	1522152
7619.99	1.0	Target	2	1523998
7625.53	1.0	Target	2	1525106
7650.785	1.0	Target	2	1530157
7661.86	1.0	Target	2	1532372
7682.17	1.0	Target	2	1536434
7702.615	1.0	Target	2	1540523
7706.31	1.0	Target	2	1541262
7711.845	1.0	Target	2	1542369
7719.23	1.0	Target	2	1543846
7726.615	1.0	Target	2	1545323
7734.0	1.0	Target	2	1546800
7755.84	1.0	Target	2	1551168
7761.38	1.0	Target	2	1552276
7768.765	1.0	Target	2	1553753
7776.15	1.0	Target	2	1555230
7783.535	1.0	Target	2	1556707
7806.6	1.0	Target	2	1561320
7817.68	1.0	Target	2	1563536
7823.215	1.0	Target	2	1564643
7830.6	1.0	Target	2	1566120
7869.555	1.0	Target	2	1573911
7873.305	1.0	Target	2	1574661
7879.555	1.0	Target	2	1575911
7884.555	1.0	Target	2	1576911
7893.305	1.0	Target	2	1578661
7899.555	1.0	Target	2	1579911
7921.02	1.0	Target	2	1584204
7932.02	1.0	Target	2	1586404
7945.02	1.0	Target	2	1589004
7965.52	1.0	Target	2	1593104
7974.27	1.0	Target	2	1594854
7978.02	1.0	Target	2	1595604
7981.77	1.0	Target	2	1596354
7988.02	1.0	Target	2	1597604
7990.52	1.0	Target	2	1598104
7996.77	1.0	Target	2	1599354
8016.545	1.0	Target	2	1603309
8020.295	1.0	Target	2	1604059
8033.795	1.0	Target	2	1606759
8044.295	1.0	Target	2	1608859
8061.2	1.0	Target	2	1612240
8064.2	1.0	Target	2	1612840
8070.95	1.0	Target	2	1614190
8077.7	1.0	Target	2	1615540
8082.95	1.0	Target	2	1616590
8087.45	1.0	Target	2	1617490
8092.7	1.0	Target	2	1618540
8111.91	1.0	Target	2	1622382
8128.91	1.0	Target	2	1625782
8136.91	1.0	Target	2	1627382
8142.91	1.0	Target	2	1628582
8158.83	1.0	Target	2	1631766
8162.58	1.0	Target	2	1632516
8167.58	1.0	Target	2	1633516
8175.08	1.0	Target	2	1635016
8180.08	1.0	Target	2	1636016
8186.33	1.0	Target	2	1637266
8211.44	1.0	Target	2	1642288
8216.69	1.0	Target	2	1643338
8224.94	1.0	Target	2	1644988
8227.94	1.0	Target	2	1645588
8236.19	1.0	Target	2	1647238
8242.94	1.0	Target	2	1648588
8258.76	1.0	Target	2	1651752
8264.01	1.0	Target	2	1652802
8270.76	1.0	Target	2	1654152
8279.01	1.0	Target	2	1655802
8288.01	1.0	Target	2	1657602
8316.29	1.0	Target	2	1663258
8321.54	1.0	Target	2	1664308
8330.54	1.0	Target	2	1666108
8335.79	1.0	Target	2	1667158
8357.87	1.0	Target	2	1671574
8361.62	1.0	Target	2	1672324
8367.87	1.0	Target	2	1673574
8372.87	1.0	Target	2	1674574
8381.62	1.0	Target	2	1676324
8387.87	1.0	Target	2	1677574
8406.165	1.0	Target	2	1681233
8412.915	1.0	Target	2	1682583
8416.665	1.0	Target	2	1683333
8425.665	1.0	Target	2	1685133
8430.915	1.0	Target	2	1686183
8436.915	1.0	Target	2	1687383
8464.575	1.0	Target	2	1692915
8472.575	1.0	Target	2	1694515
8479.575	1.0	Target	2	1695915
8487.575	1.0	Target	2	1697515
8509.27	1.0	Target	2	1701854
8519.27	1.0	Target	2	1703854
8533.02	1.0	Target	2	1706604
8553.285	1.0	Target	2	1710657
8564.285	1.0	Target	2	1712857
8567.285	1.0	Target	2	1713457
8576.285	1.0	Target	2	1715257
8587.285	1.0	Target	2	1717457
8608.745	1.0	Target	2	1721749
8612.495	1.0	Target	2	1722499
8618.745	1.0	Target	2	1723749
8623.745	1.0	Target	2	1724749
8636.245	1.0	Target	2	1727249
8654.265	1.0	Target	2	1730853
8659.265	1.0	Target	2	1731853
8666.265	1.0	Target	2	1733253
8671.265	1.0	Target	2	1734253
8683.265	1.0	Target	2	1736653
8701.355	1.0	Target	2	1740271
8706.355	1.0	Target	2	1741271
8715.105	1.0	Target	2	1743021
8720.105	1.0	Target	2	1744021
8735.105	1.0	Target	2	1747021
8752.475	1.0	Target	2	1750495
8757.475	1.0	Target	2	1751495
8764.475	1.0	Target	2	1752895
8769.475	1.0	Target	2	1753895
8775.475	1.0	Target	2	1755095
8784.475	1.0	Target	2	1756895
8828.21	1.0	Target	2	1765642
8831.21	1.0	Target	2	1766242
8837.21	1.0	Target	2	1767442
8847.21	1.0	Target	2	1769442
8856.21	1.0	Target	2	1771242
8875.36	1.0	Target	2	1775072
8885.11	1.0	Target	2	1777022
8905.36	1.0	Target	2	1781072
8949.29	1.0	NonTarget	1	1789858
8954.02	1.0	NonTarget	1	1790804
8956.675	1.0	NonTarget	1	1791335
8963.255	1.0	NonTarget	1	1792651
8964.06	1.0	NonTarget	1	1792812
8971.445	1.0	NonTarget	1	1794289
8972.485	1.0	NonTarget	1	1794497
8976.985	1.0	NonTarget	1	1795397
8978.02	1.0	NonTarget	1	1795604
9000.51	1.0	NonTarget	1	1800102
9001.32	1.0	Target	2	1800264
9008.7	1.0	Target	2	1801740
9009.74	1.0	NonTarget	1	1801948
9015.28	1.0	NonTarget	1	1803056
9017.935	1.0	Target	2	1803587
9022.665	1.0	NonTarget	1	1804533
9030.05	1.0	NonTarget	1	1806010
9032.7	1.0	Target	2	1806540
9051.65	1.0	NonTarget	1	1810330
9052.46	1.0	NonTarget	1	1810492
9057.19	1.0	NonTarget	1	1811438
9057.995	1.0	NonTarget	1	1811599
9062.73	1.0	NonTarget	1	1812546
9065.38	1.0	NonTarget	1	1813076
9070.115	1.0	NonTarget	1	1814023
9072.765	1.0	NonTarget	1	1814553
9077.495	1.0	NonTarget	1	1815499
9080.15	1.0	NonTarget	1	1816030
9084.88	1.0	NonTarget	1	1816976
9103.88	1.0	Target	2	1820776
9104.915	1.0	NonTarget	1	1820983
9114.15	1.0	NonTarget	1	1822830
9114.96	1.0	Target	2	1822992
9119.69	1.0	NonTarget	1	1823938
9120.495	1.0	Target	2	1824099
9127.88	1.0	Target	2	1825576
9128.915	1.0	NonTarget	1	1825783
9134.46	1.0	NonTarget	1	1826892
9153.76	1.0	Target	2	1830752
9158.26	1.0	NonTarget	1	1831652
9161.14	1.0	NonTarget	1	1832228
9165.64	1.0	NonTarget	1	1833128
9166.68	1.0	Target	2	1833336
9171.18	1.0	NonTarget	1	1834236
9175.91	1.0	Target	2	1835182
9176.72	1.0	NonTarget	1	1835344
9181.45	1.0	Target	2	1836290
9184.105	1.0	NonTarget	1	1836821
9206.855	1.0	Target	2	1841371
9209.51	1.0	NonTarget	1	1841902
9214.24	1.0	Target	2	1842848
9215.04	1.0	NonTarget	1	1843008
9219.78	1.0	Target	2	1843956
9220.585	1.0	NonTarget	1	1844117
9227.97	1.0	NonTarget	1	1845594
9229.01	1.0	Target	2	1845802
9233.51	1.0	NonTarget	1	1846702
9234.54	1.0	Target	2	1846908
9239.04	1.0	NonTarget	1	1847808
9259.355	1.0	NonTarget	1	1851871
9266.74	1.0	NonTarget	1	1853348
9271.47	1.0	NonTarget	1	1854294
9272.275	1.0	NonTarget	1	1854455
9277.815	1.0	NonTarget	1	1855563
9280.7	1.0	NonTarget	1	1856140
9285.2	1.0	NonTarget	1	1857040
9286.24	1.0	NonTarget	1	1857248
9292.585	1.0	NonTarget	1	1858517
9311.35	1.0	NonTarget	1	1862270
9314.005	1.0	Target	2	1862801
9316.89	1.0	NonTarget	1	1863378
9318.735	1.0	NonTarget	1	1863747
9321.39	1.0	Target	2	1864278
9324.275	1.0	NonTarget	1	1864855
9326.93	1.0	Target	2	1865386
9327.96	1.0	NonTarget	1	1865592
9332.46	1.0	Target	2	1866492
9335.35	1.0	NonTarget	1	1867070
9340.89	1.0	NonTarget	1	1868178
9343.54	1.0	Target	2	1868708
9364.48	1.0	NonTarget	1	1872896
9365.285	1.0	Target	2	1873057
9370.015	1.0	NonTarget	1	1874003
9370.825	1.0	Target	2	1874165
9377.4	1.0	NonTarget	1	1875480
9381.9	1.0	Target	2	1876380
9382.94	1.0	NonTarget	1	1876588
9386.63	1.0	NonTarget	1	1877326
9390.325	1.0	NonTarget	1	1878065
9394.015	1.0	NonTarget	1	1878803
9395.865	1.0	NonTarget	1	1879173
9396.665	1.0	Target	2	1879333
9415.45	1.0	NonTarget	1	1883090
9420.99	1.0	NonTarget	1	1884198
9422.03	1.0	NonTarget	1	1884406
9426.53	1.0	NonTarget	1	1885306
9429.415	1.0	NonTarget	1	1885883
9433.915	1.0	NonTarget	1	1886783
9434.95	1.0	NonTarget	1	1886990
9439.45	1.0	NonTarget	1	1887890
9446.03	1.0	NonTarget	1	1889206
9446.835	1.0	NonTarget	1	1889367
9472.985	1.0	NonTarget	1	1894597
9477.485	1.0	Target	2	1895497
9482.22	1.0	NonTarget	1	1896444
9484.87	1.0	Target	2	1896974
9491.45	1.0	NonTarget	1	1898290
9492.255	1.0	Target	2	1898451
9499.64	1.0	Target	2	1899928
9500.68	1.0	NonTarget	1	1900136
9505.18	1.0	Target	2	1901036
9506.22	1.0	NonTarget	1	1901244
9524.93	1.0	Target	2	1904986
9525.735	1.0	NonTarget	1	1905147
9533.12	1.0	NonTarget	1	1906624
9534.16	1.0	Target	2	1906832
9539.7	1.0	Target	2	1907940
9542.355	1.0	NonTarget	1	1908471
9547.085	1.0	Target	2	1909417
9554.47	1.0	Target	2	1910894
9557.12	1.0	NonTarget	1	1911424
9575.03	1.0	Target	2	1915006
9575.835	1.0	NonTarget	1	1915167
9580.57	1.0	Target	2	1916114
9581.37	1.0	NonTarget	1	1916274
9586.105	1.0	Target	2	1917221
9588.76	1.0	NonTarget	1	1917752
9593.49	1.0	Target	2	1918698
9596.145	1.0	NonTarget	1	1919229
9600.87	1.0	Target	2	1920174
9603.53	1.0	NonTarget	1	1920706
9608.26	1.0	Target	2	1921652
9632.325	1.0	NonTarget	1	1926465
9633.37	1.0	NonTarget	1	1926674
9642.6	1.0	NonTarget	1	1928520
9643.41	1.0	NonTarget	1	1928682
9648.14	1.0	NonTarget	1	1929628
9648.945	1.0	NonTarget	1	1929789
9656.325	1.0	NonTarget	1	1931265
9657.37	1.0	NonTarget	1	1931474
9662.91	1.0	NonTarget	1	1932582
9689.52	1.0	Target	2	1937904
9694.02	1.0	NonTarget	1	1938804
9701.405	1.0	NonTarget	1	1940281
9702.445	1.0	Target	2	1940489
9706.945	1.0	NonTarget	1	1941389
9711.675	1.0	Target	2	1942335
9712.48	1.0	NonTarget	1	1942496
9717.21	1.0	Target	2	1943442
9719.865	1.0	NonTarget	1	1943973
9741.88	1.0	Target	2	1948376
9744.535	1.0	NonTarget	1	1948907
9749.265	1.0	Target	2	1949853
9750.07	1.0	NonTarget	1	1950014
9754.8	1.0	Target	2	1950960
9755.61	1.0	NonTarget	1	1951122
9762.995	1.0	NonTarget	1	1952599
9764.035	1.0	Target	2	1952807
9768.535	1.0	NonTarget	1	1953707
9769.57	1.0	Target	2	1953914
9774.07	1.0	NonTarget	1	1954814
9793.74	1.0	NonTarget	1	1958748
9801.12	1.0	NonTarget	1	1960224
9805.855	1.0	NonTarget	1	1961171
9806.66	1.0	NonTarget	1	1961332
9812.2	1.0	NonTarget	1	1962440
9815.085	1.0	NonTarget	1	1963017
9819.585	1.0	NonTarget	1	1963917
9820.62	1.0	NonTarget	1	1964124
9826.97	1.0	NonTarget	1	1965394
9846.115	1.0	Target	2	1969223
9848.77	1.0	NonTarget	1	1969754
9851.655	1.0	Target	2	1970331
9853.495	1.0	Target	2	1970699
9856.155	1.0	NonTarget	1	1971231
9859.04	1.0	Target	2	1971808
9861.695	1.0	NonTarget	1	1972339
9862.735	1.0	Target	2	1972547
9867.235	1.0	NonTarget	1	1973447
9870.12	1.0	Target	2	1974024
9875.655	1.0	Target	2	1975131
9878.31	1.0	NonTarget	1	1975662
9926.145	1.0	NonTarget	1	1985229
9926.95	1.0	Target	2	1985390
9931.68	1.0	NonTarget	1	1986336
9932.49	1.0	Target	2	1986498
9939.065	1.0	NonTarget	1	1987813
9943.565	1.0	Target	2	1988713
9944.605	1.0	NonTarget	1	1988921
9948.29	1.0	NonTarget	1	1989658
9951.99	1.0	NonTarget	1	1990398
9955.68	1.0	NonTarget	1	1991136
9957.53	1.0	NonTarget	1	1991506
9958.335	1.0	Target	2	1991667
9977.13	1.0	Target	2	1995426
9980.015	1.0	NonTarget	1	1996003
9982.665	1.0	Target	2	1996533
9983.7	1.0	NonTarget	1	1996740
9988.2	1.0	Target	2	1997640
9991.085	1.0	NonTarget	1	1998217
9995.585	1.0	Target	2	1999117
9996.63	1.0	NonTarget	1	1999326
10001.13	1.0	Target	2	2000226
10007.7	1.0	NonTarget	1	2001540
10008.515	1.0	Target	2	2001703
10033.895	1.0	NonTarget	1	2006779
10038.62	1.0	NonTarget	1	2007724
10041.28	1.0	NonTarget	1	2008256
10047.855	1.0	NonTarget	1	2009571
10048.665	1.0	NonTarget	1	2009733
10051.54	1.0	Target	2	2010308
10056.04	1.0	NonTarget	1	2011208
10057.085	1.0	NonTarget	1	2011417
10061.585	1.0	NonTarget	1	2012317
10062.62	1.0	NonTarget	1	2012524
10092.22	1.0	Target	2	2018444
10094.445	1.0	NonTarget	1	2018889
10097.445	1.0	NonTarget	1	2019489
10102.22	1.0	Target	2	2020444
10103.445	1.0	NonTarget	1	2020689
10104.72	1.0	Target	2	2020944
10105.7	1.0	NonTarget	1	2021140
10110.97	1.0	Target	2	2022194
10113.445	1.0	NonTarget	1	2022689
10114.7	1.0	NonTarget	1	2022940
10115.97	1.0	Target	2	2023194
10120.97	1.0	Target	2	2024194
10122.445	1.0	NonTarget	1	2024489
10145.325	1.0	NonTarget	1	2029065
10154.075	1.0	NonTarget	1	2030815
10155.55	1.0	NonTarget	1	2031110
10157.825	1.0	NonTarget	1	2031565
10161.575	1.0	NonTarget	1	2032315
10163.55	1.0	NonTarget	1	2032710
10166.305	1.0	Target	2	2033261
10167.825	1.0	NonTarget	1	2033565
10170.55	1.0	NonTarget	1	2034110
10176.575	1.0	NonTarget	1	2035315
10178.55	1.0	NonTarget	1	2035710
10200.12	1.0	NonTarget	1	2040024
10202.87	1.0	Target	2	2040574
10203.645	1.0	NonTarget	1	2040729
10208.12	1.0	Target	2	2041624
10210.12	1.0	NonTarget	1	2042024
10212.395	1.0	NonTarget	1	2042479
10215.12	1.0	NonTarget	1	2043024
10216.37	1.0	Target	2	2043274
10219.37	1.0	Target	2	2043874
10221.12	1.0	NonTarget	1	2044224
10227.62	1.0	Target	2	2045524
10230.12	1.0	NonTarget	1	2046024
10234.37	1.0	Target	2	2046874
10250.075	1.0	Target	2	2050015
10254.085	1.0	NonTarget	1	2050817
10255.075	1.0	Target	2	2051015
10256.35	1.0	NonTarget	1	2051270
10260.835	1.0	NonTarget	1	2052167
10262.075	1.0	Target	2	2052415
10263.85	1.0	NonTarget	1	2052770
10267.075	1.0	Target	2	2053415
10268.335	1.0	NonTarget	1	2053667
10268.85	1.0	NonTarget	1	2053770
10272.085	1.0	NonTarget	1	2054417
10275.1	1.0	NonTarget	1	2055020
10279.075	1.0	Target	2	2055815
10298.93	1.0	Target	2	2059786
10301.665	1.0	NonTarget	1	2060333
10305.68	1.0	Target	2	2061136
10309.43	1.0	Target	2	2061886
10312.665	1.0	NonTarget	1	2062533
10316.195	1.0	NonTarget	1	2063239
10318.43	1.0	Target	2	2063686
10323.68	1.0	Target	2	2064736
10325.665	1.0	NonTarget	1	2065133
10327.445	1.0	NonTarget	1	2065489
10329.68	1.0	Target	2	2065936
10348.69	1.0	NonTarget	1	2069738
10353.71	1.0	NonTarget	1	2070742
10357.46	1.0	NonTarget	1	2071492
10360.945	1.0	Target	2	2072189
10363.71	1.0	NonTarget	1	2072742
10365.69	1.0	NonTarget	1	2073138
10368.71	1.0	NonTarget	1	2073742
10371.445	1.0	Target	2	2074289
10373.69	1.0	NonTarget	1	2074738
10377.445	1.0	Target	2	2075489
10379.69	1.0	NonTarget	1	2075938
10381.21	1.0	NonTarget	1	2076242
10407.335	1.0	NonTarget	1	2081467
10410.085	1.0	NonTarget	1	2082017
10412.11	1.0	Target	2	2082422
10413.835	1.0	NonTarget	1	2082767
10422.11	1.0	Target	2	2084422
10423.335	1.0	NonTarget	1	2084667
10427.335	1.0	NonTarget	1	2085467
10432.335	1.0	NonTarget	1	2086467
10434.335	1.0	NonTarget	1	2086867
10437.835	1.0	NonTarget	1	2087567
10456.44	1.0	Target	2	2091288
10457.43	1.0	NonTarget	1	2091486
10459.44	1.0	Target	2	2091888
10460.95	1.0	NonTarget	1	2092190
10466.19	1.0	Target	2	2093238
10468.43	1.0	NonTarget	1	2093686
10469.7	1.0	NonTarget	1	2093940
10471.43	1.0	NonTarget	1	2094286
10472.94	1.0	Target	2	2094588
10475.95	1.0	NonTarget	1	2095190
10478.19	1.0	Target	2	2095638
10480.43	1.0	NonTarget	1	2096086
10482.69	1.0	Target	2	2096538
10491.43	1.0	NonTarget	1	2098286
10505.775	1.0	NonTarget	1	2101155
10507.04	1.0	Target	2	2101408
10510.79	1.0	Target	2	2102158
10513.015	1.0	NonTarget	1	2102603
10517.04	1.0	Target	2	2103408
10520.015	1.0	NonTarget	1	2104003
10522.04	1.0	Target	2	2104408
10529.015	1.0	NonTarget	1	2105803
10535.775	1.0	NonTarget	1	2107155
10537.04	1.0	Target	2	2107408
10539.015	1.0	NonTarget	1	2107803
10563.48	1.0	NonTarget	1	2112696
10564.725	1.0	NonTarget	1	2112945
10567.25	1.0	Target	2	2113450
10569.725	1.0	NonTarget	1	2113945
10575.48	1.0	NonTarget	1	2115096
10576.725	1.0	NonTarget	1	2115345
10578.5	1.0	Target	2	2115700
10581.725	1.0	NonTarget	1	2116345
10587.725	1.0	NonTarget	1	2117545
10596.725	1.0	NonTarget	1	2119345
10612.065	1.0	NonTarget	1	2122413
10614.29	1.0	NonTarget	1	2122858
10617.29	1.0	NonTarget	1	2123458
10623.29	1.0	NonTarget	1	2124658
10624.565	1.0	NonTarget	1	2124913
10625.55	1.0	Target	2	2125110
10630.815	1.0	NonTarget	1	2126163
10633.29	1.0	NonTarget	1	2126658
10634.55	1.0	Target	2	2126910
10635.815	1.0	NonTarget	1	2127163
10642.29	1.0	NonTarget	1	2128458
10660.44	1.0	NonTarget	1	2132088
10662.675	1.0	NonTarget	1	2132535
10665.675	1.0	NonTarget	1	2133135
10669.19	1.0	NonTarget	1	2133838
10670.665	1.0	Target	2	2134133
10672.94	1.0	NonTarget	1	2134588
10674.675	1.0	NonTarget	1	2134935
10676.69	1.0	NonTarget	1	2135338
10678.665	1.0	Target	2	2135733
10681.425	1.0	NonTarget	1	2136285
10682.94	1.0	NonTarget	1	2136588
10685.665	1.0	Target	2	2137133
10689.675	1.0	NonTarget	1	2137935
10691.69	1.0	NonTarget	1	2138338
10693.665	1.0	Target	2	2138733
10709.02	1.0	NonTarget	1	2141804
10711.775	1.0	NonTarget	1	2142355
10712.545	1.0	Target	2	2142509
10714.02	1.0	NonTarget	1	2142804
10719.02	1.0	NonTarget	1	2143804
10721.295	1.0	Target	2	2144259
10724.02	1.0	NonTarget	1	2144804
10725.275	1.0	NonTarget	1	2145055
10728.275	1.0	NonTarget	1	2145655
10730.02	1.0	NonTarget	1	2146004
10732.02	1.0	NonTarget	1	2146404
10739.02	1.0	NonTarget	1	2147804
10743.275	1.0	NonTarget	1	2148655
10758.51	1.0	Target	2	2151702
10763.51	1.0	Target	2	2152702
10764.785	1.0	NonTarget	1	2152957
10769.27	1.0	NonTarget	1	2153854
10770.51	1.0	Target	2	2154102
10772.285	1.0	NonTarget	1	2154457
10775.51	1.0	Target	2	2155102
10776.77	1.0	NonTarget	1	2155354
10777.285	1.0	NonTarget	1	2155457
10783.535	1.0	NonTarget	1	2156707
10787.51	1.0	Target	2	2157502
10806.965	1.0	NonTarget	1	2161393
10809.705	1.0	Target	2	2161941
10813.715	1.0	NonTarget	1	2162743
10817.465	1.0	NonTarget	1	2163493
10820.705	1.0	Target	2	2164141
10824.23	1.0	NonTarget	1	2164846
10826.465	1.0	NonTarget	1	2165293
10833.705	1.0	Target	2	2166741
10835.48	1.0	NonTarget	1	2167096
10855.955	1.0	Target	2	2171191
10868.21	1.0	NonTarget	1	2173642
10870.98	1.0	NonTarget	1	2174196
10872.955	1.0	Target	2	2174591
10878.71	1.0	NonTarget	1	2175742
10880.955	1.0	Target	2	2176191
10884.71	1.0	NonTarget	1	2176942
10886.955	1.0	Target	2	2177391
10888.48	1.0	NonTarget	1	2177696
10903.515	1.0	Target	2	2180703
10906.275	1.0	NonTarget	1	2181255
10908.29	1.0	NonTarget	1	2181658
10911.515	1.0	Target	2	2182303
10918.29	1.0	NonTarget	1	2183658
10919.515	1.0	Target	2	2183903
10928.515	1.0	Target	2	2185703
10930.515	1.0	Target	2	2186103
10935.515	1.0	Target	2	2187103
10950.93	1.0	NonTarget	1	2190186
10951.92	1.0	Target	2	2190384
10953.93	1.0	NonTarget	1	2190786
10955.445	1.0	NonTarget	1	2191089
10960.68	1.0	NonTarget	1	2192136
10962.92	1.0	Target	2	2192584
10964.195	1.0	NonTarget	1	2192839
10965.92	1.0	Target	2	2193184
10970.445	1.0	NonTarget	1	2194089
10972.68	1.0	NonTarget	1	2194536
10974.92	1.0	Target	2	2194984
10977.18	1.0	NonTarget	1	2195436
10985.92	1.0	Target	2	2197184
11001.08	1.0	NonTarget	1	2200216
11002.35	1.0	Target	2	2200470
11006.1	1.0	Target	2	2201220
11008.325	1.0	NonTarget	1	2201665
11012.35	1.0	Target	2	2202470
11015.325	1.0	NonTarget	1	2203065
11017.35	1.0	Target	2	2203470
11024.325	1.0	NonTarget	1	2204865
11031.08	1.0	NonTarget	1	2206216
11032.35	1.0	Target	2	2206470
11034.325	1.0	NonTarget	1	2206865
11053.515	1.0	Target	2	2210703
11054.755	1.0	NonTarget	1	2210951
11057.28	1.0	NonTarget	1	2211456
11058.765	1.0	Target	2	2211753
11059.755	1.0	NonTarget	1	2211951
11065.515	1.0	Target	2	2213103
11066.755	1.0	NonTarget	1	2213351
11068.53	1.0	NonTarget	1	2213706
11071.755	1.0	NonTarget	1	2214351
11073.765	1.0	Target	2	2214753
11077.755	1.0	NonTarget	1	2215551
11082.765	1.0	Target	2	2216553
11086.755	1.0	NonTarget	1	2217351
